"DateTime","Players","Average Players"
"2022-12-26 00:00:00",15,5
"2022-12-27 00:00:00",15,6
"2022-12-28 00:00:00",473,237
"2022-12-29 00:00:00",406,231
"2022-12-30 00:00:00",464,243
"2022-12-31 00:00:00",453,306
"2023-01-01 00:00:00",510,301
"2023-01-02 00:00:00",434,237
"2023-01-03 00:00:00",462,244
"2023-01-04 00:00:00",439,240
"2023-01-05 00:00:00",463,227
"2023-01-06 00:00:00",463,264
"2023-01-07 00:00:00",505,321
"2023-01-08 00:00:00",568,336
"2023-01-09 00:00:00",484,251
"2023-01-10 00:00:00",468,262
"2023-01-11 00:00:00",478,244
"2023-01-12 00:00:00",438,221
"2023-01-13 00:00:00",448,246
"2023-01-14 00:00:00",462,295
"2023-01-15 00:00:00",538,294
"2023-01-16 00:00:00",445,219
"2023-01-17 00:00:00",425,226
"2023-01-18 00:00:00",432,217
"2023-01-19 00:00:00",379,193
"2023-01-20 00:00:00",398,224
"2023-01-21 00:00:00",402,249
"2023-01-22 00:00:00",435,257
"2023-01-23 00:00:00",441,281
"2023-01-24 00:00:00",402,279
"2023-01-25 00:00:00",384,200
"2023-01-26 00:00:00",373,178
"2023-01-27 00:00:00",368,196
"2023-01-28 00:00:00",404,247
"2023-01-29 00:00:00",453,245
"2023-01-30 00:00:00",375,200
"2023-01-31 00:00:00",382,195
"2023-02-01 00:00:00",377,190
"2023-02-02 00:00:00",345,150
"2023-02-03 00:00:00",373,201
"2023-02-04 00:00:00",405,242
"2023-02-05 00:00:00",442,239
"2023-02-06 00:00:00",375,192
"2023-02-07 00:00:00",396,186
"2023-02-08 00:00:00",363,180
"2023-02-09 00:00:00",351,164
"2023-02-10 00:00:00",358,187
"2023-02-11 00:00:00",381,220
"2023-02-12 00:00:00",437,229
"2023-02-13 00:00:00",379,188
"2023-02-14 00:00:00",360,184
"2023-02-15 00:00:00",347,175
"2023-02-16 00:00:00",333,159
"2023-02-17 00:00:00",338,187
"2023-02-18 00:00:00",362,222
"2023-02-19 00:00:00",399,220
"2023-02-20 00:00:00",358,175
"2023-02-21 00:00:00",336,162
"2023-02-22 00:00:00",305,161
"2023-02-23 00:00:00",268,135
"2023-02-24 00:00:00",327,174
"2023-02-25 00:00:00",335,199
"2023-02-26 00:00:00",407,204
"2023-02-27 00:00:00",316,160
"2023-02-28 00:00:00",312,167
"2023-03-01 00:00:00",309,187
"2023-03-02 00:00:00",302,150
"2023-03-03 00:00:00",300,172
"2023-03-04 00:00:00",354,209
"2023-03-05 00:00:00",397,208
"2023-03-06 00:00:00",315,160
"2023-03-07 00:00:00",306,140
"2023-03-08 00:00:00",281,135
"2023-03-09 00:00:00",361,149
"2023-03-10 00:00:00",331,185
"2023-03-11 00:00:00",342,206
"2023-03-12 00:00:00",393,219
"2023-03-13 00:00:00",354,176
"2023-03-14 00:00:00",328,169
"2023-03-15 00:00:00",321,157
"2023-03-16 00:00:00",340,150
"2023-03-17 00:00:00",324,177
"2023-03-18 00:00:00",341,205
"2023-03-19 00:00:00",371,206
"2023-03-20 00:00:00",336,164
"2023-03-21 00:00:00",316,150
"2023-03-22 00:00:00",314,153
"2023-03-23 00:00:00",338,136
"2023-03-24 00:00:00",313,168
"2023-03-25 00:00:00",339,189
"2023-03-26 00:00:00",340,180
"2023-03-27 00:00:00",322,144
"2023-03-28 00:00:00",296,142
"2023-03-29 00:00:00",296,135
"2023-03-30 00:00:00",300,127
"2023-03-31 00:00:00",330,170
"2023-04-01 00:00:00",313,190
"2023-04-02 00:00:00",363,200
"2023-04-03 00:00:00",306,151
"2023-04-04 00:00:00",296,147
"2023-04-05 00:00:00",311,150
"2023-04-06 00:00:00",287,129
"2023-04-07 00:00:00",276,145
"2023-04-08 00:00:00",300,174
"2023-04-09 00:00:00",345,184
"2023-04-10 00:00:00",295,141
"2023-04-11 00:00:00",306,141
"2023-04-12 00:00:00",275,131
"2023-04-13 00:00:00",279,115
"2023-04-14 00:00:00",293,145
"2023-04-15 00:00:00",308,175
"2023-04-16 00:00:00",319,163
"2023-04-17 00:00:00",285,134
"2023-04-18 00:00:00",288,126
"2023-04-19 00:00:00",242,117
"2023-04-20 00:00:00",258,100
"2023-04-21 00:00:00",279,126
"2023-04-22 00:00:00",268,149
"2023-04-23 00:00:00",280,159
"2023-04-24 00:00:00",72,13
"2023-04-25 00:00:00",367,88
"2023-04-26 00:00:00",374,199
"2023-04-27 00:00:00",348,182
"2023-04-28 00:00:00",331,199
"2023-04-29 00:00:00",383,237
"2023-04-30 00:00:00",394,246
"2023-05-01 00:00:00",368,215
"2023-05-02 00:00:00",357,147
"2023-05-03 00:00:00",336,169
"2023-05-04 00:00:00",328,185
"2023-05-05 00:00:00",301,208
"2023-05-06 00:00:00",359,211
"2023-05-07 00:00:00",376,216
"2023-05-08 00:00:00",347,174
"2023-05-09 00:00:00",328,139
"2023-05-10 00:00:00",328,157
"2023-05-11 00:00:00",321,163
"2023-05-12 00:00:00",315,167
"2023-05-13 00:00:00",350,217
"2023-05-14 00:00:00",427,234
"2023-05-15 00:00:00",364,181
"2023-05-16 00:00:00",364,151
"2023-05-17 00:00:00",338,174
"2023-05-18 00:00:00",342,176
"2023-05-19 00:00:00",339,186
"2023-05-20 00:00:00",359,232
"2023-05-21 00:00:00",429,230
"2023-05-22 00:00:00",345,175
"2023-05-23 00:00:00",339,145
"2023-05-24 00:00:00",323,170
"2023-05-25 00:00:00",324,160
"2023-05-26 00:00:00",314,169
"2023-05-27 00:00:00",346,208
"2023-05-28 00:00:00",348,205
"2023-05-29 00:00:00",311,190
"2023-05-30 00:00:00",327,130
"2023-05-31 00:00:00",292,154
"2023-06-01 00:00:00",292,150
"2023-06-02 00:00:00",290,156
"2023-06-03 00:00:00",313,186
"2023-06-04 00:00:00",355,193
"2023-06-05 00:00:00",305,168
"2023-06-06 00:00:00",281,163
"2023-06-07 00:00:00",257,112
"2023-06-08 00:00:00",271,133
"2023-06-09 00:00:00",257,130
"2023-06-10 00:00:00",274,162
"2023-06-11 00:00:00",324,167
"2023-06-12 00:00:00",264,133
"2023-06-13 00:00:00",247,109
"2023-06-14 00:00:00",252,129
"2023-06-15 00:00:00",249,130
"2023-06-16 00:00:00",231,129
"2023-06-17 00:00:00",274,154
"2023-06-18 00:00:00",301,159
"2023-06-19 00:00:00",249,122
"2023-06-20 00:00:00",229,105
"2023-06-21 00:00:00",229,119
"2023-06-22 00:00:00",237,116
"2023-06-23 00:00:00",251,123
"2023-06-24 00:00:00",244,141
"2023-06-25 00:00:00",304,151
"2023-06-26 00:00:00",239,114
"2023-06-27 00:00:00",241,99
"2023-06-28 00:00:00",225,110
"2023-06-29 00:00:00",233,116
"2023-06-30 00:00:00",226,125
"2023-07-01 00:00:00",239,142
"2023-07-02 00:00:00",307,150
"2023-07-03 00:00:00",226,119
"2023-07-04 00:00:00",236,101
"2023-07-05 00:00:00",224,115
"2023-07-06 00:00:00",239,117
"2023-07-07 00:00:00",244,128
"2023-07-08 00:00:00",247,153
"2023-07-09 00:00:00",293,155
"2023-07-10 00:00:00",234,126
"2023-07-11 00:00:00",227,105
"2023-07-12 00:00:00",204,112
"2023-07-13 00:00:00",230,115
"2023-07-14 00:00:00",242,123
"2023-07-15 00:00:00",252,148
"2023-07-16 00:00:00",297,147
"2023-07-17 00:00:00",233,117
"2023-07-18 00:00:00",238,100
"2023-07-19 00:00:00",222,118
"2023-07-20 00:00:00",201,106
"2023-07-21 00:00:00",212,113
"2023-07-22 00:00:00",260,145
"2023-07-23 00:00:00",286,147
"2023-07-24 00:00:00",231,115
"2023-07-25 00:00:00",244,99
"2023-07-26 00:00:00",201,105
"2023-07-27 00:00:00",203,105
"2023-07-28 00:00:00",195,108
"2023-07-29 00:00:00",209,126
"2023-07-30 00:00:00",270,128
"2023-07-31 00:00:00",212,115
"2023-08-01 00:00:00",226,100
"2023-08-02 00:00:00",198,110
"2023-08-03 00:00:00",203,106
"2023-08-04 00:00:00",203,110
"2023-08-05 00:00:00",232,134
"2023-08-06 00:00:00",285,141
"2023-08-07 00:00:00",218,118
"2023-08-08 00:00:00",225,97
"2023-08-09 00:00:00",216,118
"2023-08-10 00:00:00",227,121
"2023-08-11 00:00:00",205,121
"2023-08-12 00:00:00",238,136
"2023-08-13 00:00:00",272,139
"2023-08-14 00:00:00",217,122
"2023-08-15 00:00:00",236,131
"2023-08-16 00:00:00",194,101
"2023-08-17 00:00:00",202,106
"2023-08-18 00:00:00",228,118
"2023-08-19 00:00:00",224,130
"2023-08-20 00:00:00",270,133
"2023-08-21 00:00:00",210,109
"2023-08-22 00:00:00",238,102
"2023-08-23 00:00:00",223,107
"2023-08-24 00:00:00",215,109
"2023-08-25 00:00:00",199,109
"2023-08-26 00:00:00",209,123
"2023-08-27 00:00:00",279,133
"2023-08-28 00:00:00",189,104
"2023-08-29 00:00:00",204,94
"2023-08-30 00:00:00",191,97
"2023-08-31 00:00:00",190,96
"2023-09-01 00:00:00",201,107
"2023-09-02 00:00:00",211,126
"2023-09-03 00:00:00",277,129
"2023-09-04 00:00:00",216,111
"2023-09-05 00:00:00",259,105
"2023-09-06 00:00:00",279,150
"2023-09-07 00:00:00",257,151
"2023-09-08 00:00:00",267,153
"2023-09-09 00:00:00",311,184
"2023-09-10 00:00:00",319,187
"2023-09-11 00:00:00",274,147
"2023-09-12 00:00:00",272,113
"2023-09-13 00:00:00",269,144
"2023-09-14 00:00:00",270,135
"2023-09-15 00:00:00",265,152
"2023-09-16 00:00:00",320,182
"2023-09-17 00:00:00",312,177
"2023-09-18 00:00:00",277,138
"2023-09-19 00:00:00",273,115
"2023-09-20 00:00:00",275,141
"2023-09-21 00:00:00",261,130
"2023-09-22 00:00:00",249,137
"2023-09-23 00:00:00",283,168
"2023-09-24 00:00:00",291,168
"2023-09-25 00:00:00",277,131
"2023-09-26 00:00:00",266,101
"2023-09-27 00:00:00",234,131
"2023-09-28 00:00:00",234,145
"2023-09-29 00:00:00",226,140
"2023-09-30 00:00:00",243,155
"2023-10-01 00:00:00",267,158
"2023-10-02 00:00:00",260,160
"2023-10-03 00:00:00",258,151
"2023-10-04 00:00:00",231,119
"2023-10-05 00:00:00",246,123
"2023-10-06 00:00:00",232,136
"2023-10-07 00:00:00",259,154
"2023-10-08 00:00:00",266,157
"2023-10-09 00:00:00",247,146
"2023-10-10 00:00:00",216,100
"2023-10-11 00:00:00",223,118
"2023-10-12 00:00:00",225,120
"2023-10-13 00:00:00",209,127
"2023-10-14 00:00:00",245,150
"2023-10-15 00:00:00",275,154
"2023-10-16 00:00:00",224,120
"2023-10-17 00:00:00",225,95
"2023-10-18 00:00:00",196,104
"2023-10-19 00:00:00",215,113
"2023-10-20 00:00:00",221,125
"2023-10-21 00:00:00",259,149
"2023-10-22 00:00:00",283,144
"2023-10-23 00:00:00",218,114
"2023-10-24 00:00:00",203,91
"2023-10-25 00:00:00",200,111
"2023-10-26 00:00:00",220,108
"2023-10-27 00:00:00",210,115
"2023-10-28 00:00:00",251,144
"2023-10-29 00:00:00",278,146
"2023-10-30 00:00:00",214,109
"2023-10-31 00:00:00",220,97
"2023-11-01 00:00:00",207,120
"2023-11-02 00:00:00",225,114
"2023-11-03 00:00:00",217,124
"2023-11-04 00:00:00",263,153
"2023-11-05 00:00:00",266,148
"2023-11-06 00:00:00",209,112
"2023-11-07 00:00:00",203,93
"2023-11-08 00:00:00",197,107
"2023-11-09 00:00:00",225,114
"2023-11-10 00:00:00",195,116
"2023-11-11 00:00:00",265,144
"2023-11-12 00:00:00",260,144
"2023-11-13 00:00:00",207,113
"2023-11-14 00:00:00",226,102
"2023-11-15 00:00:00",197,108
"2023-11-16 00:00:00",211,115
"2023-11-17 00:00:00",193,120
"2023-11-18 00:00:00",239,150
"2023-11-19 00:00:00",245,133
"2023-11-20 00:00:00",213,110
"2023-11-21 00:00:00",190,93
"2023-11-22 00:00:00",195,104
"2023-11-23 00:00:00",199,102
"2023-11-24 00:00:00",186,108
"2023-11-25 00:00:00",231,128
"2023-11-26 00:00:00",248,122
"2023-11-27 00:00:00",187,99
"2023-11-28 00:00:00",182,80
"2023-11-29 00:00:00",172,85
"2023-11-30 00:00:00",183,90
"2023-12-01 00:00:00",196,101
"2023-12-02 00:00:00",228,127
"2023-12-03 00:00:00",259,130
"2023-12-04 00:00:00",190,101
"2023-12-05 00:00:00",220,94
"2023-12-06 00:00:00",195,107
"2023-12-07 00:00:00",198,108
"2023-12-08 00:00:00",189,110
"2023-12-09 00:00:00",261,139
"2023-12-10 00:00:00",271,134
"2023-12-11 00:00:00",192,105
"2023-12-12 00:00:00",203,90
"2023-12-13 00:00:00",210,103
"2023-12-14 00:00:00",196,101
"2023-12-15 00:00:00",202,109
"2023-12-16 00:00:00",232,134
"2023-12-17 00:00:00",262,126
"2023-12-18 00:00:00",193,99
"2023-12-19 00:00:00",222,97
"2023-12-20 00:00:00",200,100
"2023-12-21 00:00:00",198,105
"2023-12-22 00:00:00",193,114
"2023-12-23 00:00:00",220,129
"2023-12-24 00:00:00",250,134
"2023-12-25 00:00:00",195,122
"2023-12-26 00:00:00",183,85
"2023-12-27 00:00:00",183,93
"2023-12-28 00:00:00",183,96
"2023-12-29 00:00:00",198,107
"2023-12-30 00:00:00",219,125
"2023-12-31 00:00:00",257,136
"2024-01-01 00:00:00",208,123
"2024-01-02 00:00:00",202,89
"2024-01-03 00:00:00",192,100
"2024-01-04 00:00:00",195,93
"2024-01-05 00:00:00",204,106
"2024-01-06 00:00:00",233,134
"2024-01-07 00:00:00",258,129
"2024-01-08 00:00:00",209,105
"2024-01-09 00:00:00",227,97
"2024-01-10 00:00:00",199,111
"2024-01-11 00:00:00",217,110
"2024-01-12 00:00:00",229,120
"2024-01-13 00:00:00",246,148
"2024-01-14 00:00:00",263,143
"2024-01-15 00:00:00",217,117
"2024-01-16 00:00:00",211,91
"2024-01-17 00:00:00",200,109
"2024-01-18 00:00:00",213,109
"2024-01-19 00:00:00",200,114
"2024-01-20 00:00:00",230,136
"2024-01-21 00:00:00",272,136
"2024-01-22 00:00:00",195,99
"2024-01-23 00:00:00",200,89
"2024-01-24 00:00:00",188,92
"2024-01-25 00:00:00",186,86
"2024-01-26 00:00:00",196,103
"2024-01-27 00:00:00",213,122
"2024-01-28 00:00:00",244,121
"2024-01-29 00:00:00",183,91
"2024-01-30 00:00:00",173,86
"2024-01-31 00:00:00",159,91
"2024-02-01 00:00:00",205,94
"2024-02-02 00:00:00",189,95
"2024-02-03 00:00:00",208,119
"2024-02-04 00:00:00",236,113
"2024-02-05 00:00:00",201,92
"2024-02-06 00:00:00",230,86
"2024-02-07 00:00:00",210,106
"2024-02-08 00:00:00",221,119
"2024-02-09 00:00:00",194,123
"2024-02-10 00:00:00",215,126
"2024-02-11 00:00:00",255,141
"2024-02-12 00:00:00",200,128
"2024-02-13 00:00:00",202,101
"2024-02-14 00:00:00",208,100
"2024-02-15 00:00:00",216,107
"2024-02-16 00:00:00",206,107
"2024-02-17 00:00:00",224,133
"2024-02-18 00:00:00",268,137
"2024-02-19 00:00:00",221,110
"2024-02-20 00:00:00",205,89
"2024-02-21 00:00:00",200,103
"2024-02-22 00:00:00",193,95
"2024-02-23 00:00:00",191,104
"2024-02-24 00:00:00",218,120
"2024-02-25 00:00:00",238,119
"2024-02-26 00:00:00",196,96
"2024-02-27 00:00:00",196,84
"2024-02-28 00:00:00",182,93
"2024-02-29 00:00:00",183,97
"2024-03-01 00:00:00",203,113
"2024-03-02 00:00:00",215,121
"2024-03-03 00:00:00",243,121
"2024-03-04 00:00:00",198,93
"2024-03-05 00:00:00",214,92
"2024-03-06 00:00:00",185,105
"2024-03-07 00:00:00",203,105
"2024-03-08 00:00:00",209,111
"2024-03-09 00:00:00",228,137
"2024-03-10 00:00:00",247,132
"2024-03-11 00:00:00",220,107
"2024-03-12 00:00:00",198,86
"2024-03-13 00:00:00",191,98
"2024-03-14 00:00:00",196,99
"2024-03-15 00:00:00",192,103
"2024-03-16 00:00:00",210,127
"2024-03-17 00:00:00",252,120
"2024-03-18 00:00:00",204,90
"2024-03-19 00:00:00",188,76
"2024-03-20 00:00:00",175,93
"2024-03-21 00:00:00",197,96
"2024-03-22 00:00:00",211,104
"2024-03-23 00:00:00",230,130
"2024-03-24 00:00:00",258,126
"2024-03-25 00:00:00",200,95
"2024-03-26 00:00:00",177,75
"2024-03-27 00:00:00",169,89
"2024-03-28 00:00:00",182,88
"2024-03-29 00:00:00",203,100
"2024-03-30 00:00:00",219,123
"2024-03-31 00:00:00",235,121
"2024-04-01 00:00:00",202,101
"2024-04-02 00:00:00",253,113
"2024-04-03 00:00:00",250,119
"2024-04-04 00:00:00",252,130
"2024-04-05 00:00:00",247,139
"2024-04-06 00:00:00",266,161
"2024-04-07 00:00:00",301,167
"2024-04-08 00:00:00",244,131
"2024-04-09 00:00:00",245,114
"2024-04-10 00:00:00",256,153
"2024-04-11 00:00:00",243,123
"2024-04-12 00:00:00",73,138
"2024-04-12 01:00:00",85,139
"2024-04-12 02:00:00",104,141
"2024-04-12 03:00:00",113,144
"2024-04-12 04:00:00",114,146
"2024-04-12 05:00:00",113,149
"2024-04-12 06:00:00",125,151
"2024-04-12 07:00:00",138,154
"2024-04-12 08:00:00",143,156
"2024-04-12 09:00:00",140,158
"2024-04-12 10:00:00",175,161
"2024-04-12 11:00:00",221,163
"2024-04-12 12:00:00",233,163
"2024-04-12 13:00:00",248,164
"2024-04-12 14:00:00",225,165
"2024-04-12 15:00:00",211,167
"2024-04-12 16:00:00",177,167
"2024-04-12 17:00:00",151,167
"2024-04-12 18:00:00",110,167
"2024-04-12 19:00:00",94,167
"2024-04-12 20:00:00",80,167
"2024-04-12 21:00:00",73,167
"2024-04-12 22:00:00",81,168
"2024-04-12 23:00:00",84,168
"2024-04-13 00:00:00",106,168
"2024-04-13 01:00:00",132,169
"2024-04-13 02:00:00",162,168
"2024-04-13 03:00:00",185,168
"2024-04-13 04:00:00",178,168
"2024-04-13 05:00:00",171,168
"2024-04-13 06:00:00",185,170
"2024-04-13 07:00:00",191,170
"2024-04-13 08:00:00",192,171
"2024-04-13 09:00:00",209,172
"2024-04-13 10:00:00",219,172
"2024-04-13 11:00:00",229,173
"2024-04-13 12:00:00",254,175
"2024-04-13 13:00:00",274,176
"2024-04-13 14:00:00",261,175
"2024-04-13 15:00:00",221,173
"2024-04-13 16:00:00",163,171
"2024-04-13 17:00:00",157,170
"2024-04-13 18:00:00",120,168
"2024-04-13 19:00:00",97,167
"2024-04-13 20:00:00",87,166
"2024-04-13 21:00:00",83,165
"2024-04-13 22:00:00",90,164
"2024-04-13 23:00:00",101,163
"2024-04-14 00:00:00",107,162
"2024-04-14 01:00:00",129,161
"2024-04-14 02:00:00",153,159
"2024-04-14 03:00:00",173,158
"2024-04-14 04:00:00",192,156
"2024-04-14 05:00:00",197,153
"2024-04-14 06:00:00",206,150
"2024-04-14 07:00:00",208,148
"2024-04-14 08:00:00",205,146
"2024-04-14 09:00:00",214,144
"2024-04-14 10:00:00",247,143
"2024-04-14 11:00:00",275,141
"2024-04-14 12:00:00",274,139
"2024-04-14 13:00:00",242,138
"2024-04-14 14:00:00",223,138
"2024-04-14 15:00:00",176,139
"2024-04-14 16:00:00",127,140
"2024-04-14 17:00:00",104,140
"2024-04-14 18:00:00",88,141
"2024-04-14 19:00:00",78,141
"2024-04-14 20:00:00",66,140
"2024-04-14 21:00:00",61,140
"2024-04-14 22:00:00",67,140
"2024-04-14 23:00:00",63,140
"2024-04-15 00:00:00",82,140
"2024-04-15 01:00:00",89,139
"2024-04-15 02:00:00",105,138
"2024-04-15 03:00:00",119,135
"2024-04-15 04:00:00",115,131
"2024-04-15 05:00:00",134,127
"2024-04-15 06:00:00",147,122
"2024-04-15 07:00:00",153,121
"2024-04-15 08:00:00",158,120
"2024-04-15 09:00:00",170,119
"2024-04-15 10:00:00",195,118
"2024-04-15 11:00:00",220,117
"2024-04-15 12:00:00",246,116
"2024-04-15 13:00:00",250,115
"2024-04-15 14:00:00",244,116
"2024-04-15 15:00:00",202,115
"2024-04-15 16:00:00",149,115
"2024-04-15 17:00:00",112,115
"2024-04-15 18:00:00",86,115
"2024-04-15 19:00:00",75,116
"2024-04-15 20:00:00",63,116
"2024-04-15 21:00:00",62,116
"2024-04-15 22:00:00",63,116
"2024-04-15 23:00:00",63,116
"2024-04-16 00:00:00",66,117
"2024-04-16 01:00:00",53,118
"2024-04-16 02:00:00",29,119
"2024-04-16 03:00:00",26,121
"2024-04-16 04:00:00",19,124
"2024-04-16 05:00:00",19,126
"2024-04-16 06:00:00",115,130
"2024-04-16 07:00:00",129,130
"2024-04-16 08:00:00",139,130
"2024-04-16 09:00:00",144,131
"2024-04-16 10:00:00",169,131
"2024-04-16 11:00:00",195,132
"2024-04-16 12:00:00",239,132
"2024-04-16 13:00:00",249,133
"2024-04-16 14:00:00",236,133
"2024-04-16 15:00:00",192,132
"2024-04-16 16:00:00",145,132
"2024-04-16 17:00:00",114,133
"2024-04-16 18:00:00",97,133
"2024-04-16 19:00:00",78,133
"2024-04-16 20:00:00",67,132
"2024-04-16 21:00:00",67,132
"2024-04-16 22:00:00",65,132
"2024-04-16 23:00:00",74,132
"2024-04-17 00:00:00",97,132
"2024-04-17 01:00:00",101,132
"2024-04-17 02:00:00",109,132
"2024-04-17 03:00:00",108,132
"2024-04-17 04:00:00",113,133
"2024-04-17 05:00:00",120,134
"2024-04-17 06:00:00",128,134
"2024-04-17 07:00:00",136,134
"2024-04-17 08:00:00",151,134
"2024-04-17 09:00:00",160,134
"2024-04-17 10:00:00",192,134
"2024-04-17 11:00:00",218,134
"2024-04-17 12:00:00",250,134
"2024-04-17 13:00:00",252,133
"2024-04-17 14:00:00",225,132
"2024-04-17 15:00:00",196,132
"2024-04-17 16:00:00",162,132
"2024-04-17 17:00:00",114,131
"2024-04-17 18:00:00",88,131
"2024-04-17 19:00:00",72,132
"2024-04-17 20:00:00",68,132
"2024-04-17 21:00:00",59,132
"2024-04-17 22:00:00",69,132
"2024-04-17 23:00:00",63,132
"2024-04-18 00:00:00",79,132
"2024-04-18 01:00:00",92,132
"2024-04-18 02:00:00",102,132
"2024-04-18 03:00:00",109,133
"2024-04-18 04:00:00",118,134
"2024-04-18 05:00:00",124,134
"2024-04-18 06:00:00",129,135
"2024-04-18 07:00:00",133,135
"2024-04-18 08:00:00",140,135
"2024-04-18 09:00:00",144,136
"2024-04-18 10:00:00",188,136
"2024-04-18 11:00:00",221,136
"2024-04-18 12:00:00",221,136
"2024-04-18 13:00:00",237,136
"2024-04-18 14:00:00",220,136
"2024-04-18 15:00:00",184,137
"2024-04-18 16:00:00",143,138
"2024-04-18 17:00:00",119,139
"2024-04-18 18:00:00",98,139
"2024-04-18 19:00:00",78,140
"2024-04-18 20:00:00",66,140
"2024-04-18 21:00:00",64,140
"2024-04-18 22:00:00",68,141
"2024-04-18 23:00:00",73,141
"2024-04-19 00:00:00",86,142
"2024-04-19 01:00:00",102,143
"2024-04-19 02:00:00",127,143
"2024-04-19 03:00:00",132,145
"2024-04-19 04:00:00",128,146
"2024-04-19 05:00:00",131,148
"2024-04-19 06:00:00",135,149
"2024-04-19 07:00:00",149,151
"2024-04-19 08:00:00",155,152
"2024-04-19 09:00:00",154,154
"2024-04-19 10:00:00",192,155
"2024-04-19 11:00:00",214,156
"2024-04-19 12:00:00",243,156
"2024-04-19 13:00:00",250,156
"2024-04-19 14:00:00",242,157
"2024-04-19 15:00:00",214,157
"2024-04-19 16:00:00",174,158
"2024-04-19 17:00:00",128,158
"2024-04-19 18:00:00",110,159
"2024-04-19 19:00:00",90,159
"2024-04-19 20:00:00",76,159
"2024-04-19 21:00:00",75,159
"2024-04-19 22:00:00",81,160
"2024-04-19 23:00:00",86,160
"2024-04-20 00:00:00",110,160
"2024-04-20 01:00:00",123,160
"2024-04-20 02:00:00",157,160
"2024-04-20 03:00:00",177,160
"2024-04-20 04:00:00",170,160
"2024-04-20 05:00:00",177,160
"2024-04-20 06:00:00",180,160
"2024-04-20 07:00:00",195,161
"2024-04-20 08:00:00",200,162
"2024-04-20 09:00:00",209,163
"2024-04-20 10:00:00",205,163
"2024-04-20 11:00:00",225,164
"2024-04-20 12:00:00",244,166
"2024-04-20 13:00:00",262,167
"2024-04-20 14:00:00",243,166
"2024-04-20 15:00:00",214,165
"2024-04-20 16:00:00",184,164
"2024-04-20 17:00:00",152,163
"2024-04-20 18:00:00",120,161
"2024-04-20 19:00:00",87,160
"2024-04-20 20:00:00",78,159
"2024-04-20 21:00:00",82,159
"2024-04-20 22:00:00",81,158
"2024-04-20 23:00:00",87,157
"2024-04-21 00:00:00",103,157
"2024-04-21 01:00:00",112,156
"2024-04-21 02:00:00",139,155
"2024-04-21 03:00:00",152,153
"2024-04-21 04:00:00",167,152
"2024-04-21 05:00:00",177,151
"2024-04-21 06:00:00",188,149
"2024-04-21 07:00:00",204,147
"2024-04-21 08:00:00",204,145
"2024-04-21 09:00:00",210,144
"2024-04-21 10:00:00",243,142
"2024-04-21 11:00:00",279,140
"2024-04-21 12:00:00",274,139
"2024-04-21 13:00:00",238,137
"2024-04-21 14:00:00",205,136
"2024-04-21 15:00:00",177,136
"2024-04-21 16:00:00",129,135
"2024-04-21 17:00:00",96,134
"2024-04-21 18:00:00",76,134
"2024-04-21 19:00:00",64,133
"2024-04-21 20:00:00",59,133
"2024-04-21 21:00:00",51,132
"2024-04-21 22:00:00",61,132
"2024-04-21 23:00:00",65,131
"2024-04-22 00:00:00",78,131
"2024-04-22 01:00:00",84,130
"2024-04-22 02:00:00",99,128
"2024-04-22 03:00:00",113,126
"2024-04-22 04:00:00",119,122
"2024-04-22 05:00:00",121,119
"2024-04-22 06:00:00",126,115
"2024-04-22 07:00:00",131,114
"2024-04-22 08:00:00",136,113
"2024-04-22 09:00:00",138,112
"2024-04-22 10:00:00",164,111
"2024-04-22 11:00:00",207,111
"2024-04-22 12:00:00",218,110
"2024-04-22 13:00:00",222,110
"2024-04-22 14:00:00",213,110
"2024-04-22 15:00:00",176,111
"2024-04-22 16:00:00",120,111
"2024-04-22 17:00:00",93,111
"2024-04-22 18:00:00",71,111
"2024-04-22 19:00:00",55,111
"2024-04-22 20:00:00",50,111
"2024-04-22 21:00:00",52,111
"2024-04-22 22:00:00",49,111
"2024-04-22 23:00:00",53,111
"2024-04-23 00:00:00",55,111
"2024-04-23 01:00:00",46,112
"2024-04-23 02:00:00",25,112
"2024-04-23 03:00:00",22,112
"2024-04-23 04:00:00",17,113
"2024-04-23 05:00:00",20,114
"2024-04-23 06:00:00",107,117
"2024-04-23 07:00:00",128,117
"2024-04-23 08:00:00",134,117
"2024-04-23 09:00:00",151,117
"2024-04-23 10:00:00",184,117
"2024-04-23 11:00:00",212,117
"2024-04-23 12:00:00",223,117
"2024-04-23 13:00:00",230,116
"2024-04-23 14:00:00",224,116
"2024-04-23 15:00:00",187,115
"2024-04-23 16:00:00",117,115
"2024-04-23 17:00:00",93,115
"2024-04-23 18:00:00",76,115
"2024-04-23 19:00:00",63,115
"2024-04-23 20:00:00",59,116
"2024-04-23 21:00:00",55,116
"2024-04-23 22:00:00",67,116
"2024-04-23 23:00:00",74,116
"2024-04-24 00:00:00",80,116
"2024-04-24 01:00:00",88,117
"2024-04-24 02:00:00",102,118
"2024-04-24 03:00:00",111,120
"2024-04-24 04:00:00",117,121
"2024-04-24 05:00:00",122,123
"2024-04-24 06:00:00",124,123
"2024-04-24 07:00:00",125,123
"2024-04-24 08:00:00",130,123
"2024-04-24 09:00:00",159,123
"2024-04-24 10:00:00",176,122
"2024-04-24 11:00:00",190,122
"2024-04-24 12:00:00",204,122
"2024-04-24 13:00:00",206,122
"2024-04-24 14:00:00",194,122
"2024-04-24 15:00:00",173,122
"2024-04-24 16:00:00",136,122
"2024-04-24 17:00:00",102,122
"2024-04-24 18:00:00",73,122
"2024-04-24 19:00:00",60,122
"2024-04-24 20:00:00",58,122
"2024-04-24 21:00:00",56,122
"2024-04-24 22:00:00",62,122
"2024-04-24 23:00:00",66,122
"2024-04-25 00:00:00",77,122
"2024-04-25 01:00:00",94,122
"2024-04-25 02:00:00",101,122
"2024-04-25 03:00:00",115,122
"2024-04-25 04:00:00",111,121
"2024-04-25 05:00:00",113,121
"2024-04-25 06:00:00",118,120
"2024-04-25 07:00:00",125,120
"2024-04-25 08:00:00",135,120
"2024-04-25 09:00:00",136,119
"2024-04-25 10:00:00",176,119
"2024-04-25 11:00:00",204,119
"2024-04-25 12:00:00",216,119
"2024-04-25 13:00:00",232,119
"2024-04-25 14:00:00",200,119
"2024-04-25 15:00:00",175,120
"2024-04-25 16:00:00",126,120
"2024-04-25 17:00:00",100,121
"2024-04-25 18:00:00",77,121
"2024-04-25 19:00:00",71,122
"2024-04-25 20:00:00",58,123
"2024-04-25 21:00:00",57,123
"2024-04-25 22:00:00",60,123
"2024-04-25 23:00:00",72,124
"2024-04-26 00:00:00",74,124
"2024-04-26 01:00:00",77,124
"2024-04-26 02:00:00",92,125
"2024-04-26 03:00:00",97,126
"2024-04-26 04:00:00",99,127
"2024-04-26 05:00:00",99,128
"2024-04-26 06:00:00",100,129
"2024-04-26 07:00:00",113,131
"2024-04-26 08:00:00",124,132
"2024-04-26 09:00:00",145,133
"2024-04-26 10:00:00",174,134
"2024-04-26 11:00:00",189,134
"2024-04-26 12:00:00",200,134
"2024-04-26 13:00:00",223,134
"2024-04-26 14:00:00",210,135
"2024-04-26 15:00:00",192,135
"2024-04-26 16:00:00",166,136
"2024-04-26 17:00:00",127,136
"2024-04-26 18:00:00",106,137
"2024-04-26 19:00:00",88,137
"2024-04-26 20:00:00",72,138
"2024-04-26 21:00:00",66,138
"2024-04-26 22:00:00",75,138
"2024-04-26 23:00:00",85,139
"2024-04-27 00:00:00",100,139
"2024-04-27 01:00:00",115,140
"2024-04-27 02:00:00",157,141
"2024-04-27 03:00:00",170,142
"2024-04-27 04:00:00",158,143
"2024-04-27 05:00:00",162,144
"2024-04-27 06:00:00",171,146
"2024-04-27 07:00:00",179,147
"2024-04-27 08:00:00",175,148
"2024-04-27 09:00:00",174,149
"2024-04-27 10:00:00",189,150
"2024-04-27 11:00:00",206,151
"2024-04-27 12:00:00",232,153
"2024-04-27 13:00:00",247,154
"2024-04-27 14:00:00",222,154
"2024-04-27 15:00:00",193,153
"2024-04-27 16:00:00",153,152
"2024-04-27 17:00:00",134,152
"2024-04-27 18:00:00",102,152
"2024-04-27 19:00:00",90,151
"2024-04-27 20:00:00",82,151
"2024-04-27 21:00:00",76,150
"2024-04-27 22:00:00",80,150
"2024-04-27 23:00:00",84,150
"2024-04-28 00:00:00",95,149
"2024-04-28 01:00:00",110,148
"2024-04-28 02:00:00",126,147
"2024-04-28 03:00:00",145,146
"2024-04-28 04:00:00",166,145
"2024-04-28 05:00:00",179,144
"2024-04-28 06:00:00",179,143
"2024-04-28 07:00:00",179,142
"2024-04-28 08:00:00",188,141
"2024-04-28 09:00:00",191,140
"2024-04-28 10:00:00",217,140
"2024-04-28 11:00:00",259,140
"2024-04-28 12:00:00",263,140
"2024-04-28 13:00:00",236,139
"2024-04-28 14:00:00",187,138
"2024-04-28 15:00:00",178,138
"2024-04-28 16:00:00",136,138
"2024-04-28 17:00:00",102,137
"2024-04-28 18:00:00",80,136
"2024-04-28 19:00:00",65,136
"2024-04-28 20:00:00",51,135
"2024-04-28 21:00:00",53,134
"2024-04-28 22:00:00",51,134
"2024-04-28 23:00:00",52,133
"2024-04-29 00:00:00",62,132
"2024-04-29 01:00:00",79,132
"2024-04-29 02:00:00",100,131
"2024-04-29 03:00:00",106,128
"2024-04-29 04:00:00",109,126
"2024-04-29 05:00:00",110,122
"2024-04-29 06:00:00",107,119
"2024-04-29 07:00:00",121,117
"2024-04-29 08:00:00",127,116
"2024-04-29 09:00:00",135,114
"2024-04-29 10:00:00",178,113
"2024-04-29 11:00:00",207,112
"2024-04-29 12:00:00",227,110
"2024-04-29 13:00:00",228,110
"2024-04-29 14:00:00",205,111
"2024-04-29 15:00:00",172,111
"2024-04-29 16:00:00",118,111
"2024-04-29 17:00:00",100,112
"2024-04-29 18:00:00",74,112
"2024-04-29 19:00:00",58,113
"2024-04-29 20:00:00",52,113
"2024-04-29 21:00:00",48,113
"2024-04-29 22:00:00",52,114
"2024-04-29 23:00:00",55,114
"2024-04-30 00:00:00",65,115
"2024-04-30 01:00:00",43,115
"2024-04-30 02:00:00",28,114
"2024-04-30 03:00:00",24,114
"2024-04-30 04:00:00",20,114
"2024-04-30 05:00:00",17,114
"2024-04-30 06:00:00",93,116
"2024-04-30 07:00:00",110,116
"2024-04-30 08:00:00",117,117
"2024-04-30 09:00:00",118,118
"2024-04-30 10:00:00",159,118
"2024-04-30 11:00:00",184,119
"2024-04-30 12:00:00",224,119
"2024-04-30 13:00:00",233,119
"2024-04-30 14:00:00",219,119
"2024-04-30 15:00:00",195,119
"2024-04-30 16:00:00",163,120
"2024-04-30 17:00:00",131,119
"2024-04-30 18:00:00",116,120
"2024-04-30 19:00:00",93,119
"2024-04-30 20:00:00",70,119
"2024-04-30 21:00:00",65,119
"2024-04-30 22:00:00",67,119
"2024-04-30 23:00:00",90,120
"2024-05-01 00:00:00",100,121
"2024-05-01 01:00:00",117,122
"2024-05-01 02:00:00",129,124
"2024-05-01 03:00:00",150,126
"2024-05-01 04:00:00",154,129
"2024-05-01 05:00:00",160,132
"2024-05-01 06:00:00",167,133
"2024-05-01 07:00:00",173,134
"2024-05-01 08:00:00",178,134
"2024-05-01 09:00:00",191,135
"2024-05-01 10:00:00",210,136
"2024-05-01 11:00:00",223,136
"2024-05-01 12:00:00",225,136
"2024-05-01 13:00:00",229,136
"2024-05-01 14:00:00",194,135
"2024-05-01 15:00:00",154,134
"2024-05-01 16:00:00",92,132
"2024-05-01 17:00:00",71,131
"2024-05-01 18:00:00",59,130
"2024-05-01 19:00:00",51,129
"2024-05-01 20:00:00",53,128
"2024-05-01 21:00:00",52,128
"2024-05-01 22:00:00",57,128
"2024-05-01 23:00:00",59,127
"2024-05-02 00:00:00",68,126
"2024-05-02 01:00:00",75,125
"2024-05-02 02:00:00",83,124
"2024-05-02 03:00:00",96,123
"2024-05-02 04:00:00",101,122
"2024-05-02 05:00:00",94,120
"2024-05-02 06:00:00",106,119
"2024-05-02 07:00:00",110,117
"2024-05-02 08:00:00",109,116
"2024-05-02 09:00:00",130,114
"2024-05-02 10:00:00",157,113
"2024-05-02 11:00:00",202,112
"2024-05-02 12:00:00",218,112
"2024-05-02 13:00:00",215,111
"2024-05-02 14:00:00",194,111
"2024-05-02 15:00:00",165,112
"2024-05-02 16:00:00",123,113
"2024-05-02 17:00:00",79,114
"2024-05-02 18:00:00",68,114
"2024-05-02 19:00:00",60,115
"2024-05-02 20:00:00",54,115
"2024-05-02 21:00:00",53,115
"2024-05-02 22:00:00",61,116
"2024-05-02 23:00:00",63,116
"2024-05-03 00:00:00",77,117
"2024-05-03 01:00:00",84,117
"2024-05-03 02:00:00",93,118
"2024-05-03 03:00:00",102,119
"2024-05-03 04:00:00",112,120
"2024-05-03 05:00:00",120,122
"2024-05-03 06:00:00",122,122
"2024-05-03 07:00:00",133,124
"2024-05-03 08:00:00",134,125
"2024-05-03 09:00:00",140,126
"2024-05-03 10:00:00",146,126
"2024-05-03 11:00:00",178,126
"2024-05-03 12:00:00",208,126
"2024-05-03 13:00:00",238,127
"2024-05-03 14:00:00",223,128
"2024-05-03 15:00:00",194,129
"2024-05-03 16:00:00",147,129
"2024-05-03 17:00:00",106,131
"2024-05-03 18:00:00",97,132
"2024-05-03 19:00:00",76,132
"2024-05-03 20:00:00",71,133
"2024-05-03 21:00:00",74,134
"2024-05-03 22:00:00",80,134
"2024-05-03 23:00:00",88,135
"2024-05-04 00:00:00",94,135
"2024-05-04 01:00:00",118,136
"2024-05-04 02:00:00",157,138
"2024-05-04 03:00:00",177,140
"2024-05-04 04:00:00",161,142
"2024-05-04 05:00:00",163,143
"2024-05-04 06:00:00",173,145
"2024-05-04 07:00:00",178,147
"2024-05-04 08:00:00",185,148
"2024-05-04 09:00:00",183,150
"2024-05-04 10:00:00",178,151
"2024-05-04 11:00:00",207,153
"2024-05-04 12:00:00",231,154
"2024-05-04 13:00:00",256,155
"2024-05-04 14:00:00",232,156
"2024-05-04 15:00:00",207,156
"2024-05-04 16:00:00",176,157
"2024-05-04 17:00:00",143,158
"2024-05-04 18:00:00",107,158
"2024-05-04 19:00:00",88,159
"2024-05-04 20:00:00",85,159
"2024-05-04 21:00:00",79,159
"2024-05-04 22:00:00",80,159
"2024-05-04 23:00:00",87,159
"2024-05-05 00:00:00",90,159
"2024-05-05 01:00:00",113,159
"2024-05-05 02:00:00",147,159
"2024-05-05 03:00:00",165,158
"2024-05-05 04:00:00",174,158
"2024-05-05 05:00:00",185,159
"2024-05-05 06:00:00",199,160
"2024-05-05 07:00:00",207,161
"2024-05-05 08:00:00",204,161
"2024-05-05 09:00:00",204,162
"2024-05-05 10:00:00",241,164
"2024-05-05 11:00:00",284,167
"2024-05-05 12:00:00",285,168
"2024-05-05 12:40:00",259,
"2024-05-05 12:50:00",254,
"2024-05-05 13:00:00",255,168
"2024-05-05 13:10:00",243,
"2024-05-05 13:20:00",245,
"2024-05-05 13:30:00",245,
"2024-05-05 13:40:00",242,
"2024-05-05 13:50:00",234,
"2024-05-05 14:00:00",238,168
"2024-05-05 14:10:00",232,
"2024-05-05 14:20:00",230,
"2024-05-05 14:30:00",226,
"2024-05-05 14:40:00",223,
"2024-05-05 14:50:00",222,
"2024-05-05 15:00:00",215,168
"2024-05-05 15:10:00",202,
"2024-05-05 15:20:00",187,
"2024-05-05 15:30:00",184,
"2024-05-05 15:40:00",175,
"2024-05-05 15:50:00",174,
"2024-05-05 16:00:00",170,167
"2024-05-05 16:10:00",165,
"2024-05-05 16:20:00",167,
"2024-05-05 16:30:00",160,
"2024-05-05 16:40:00",154,
"2024-05-05 16:50:00",144,
"2024-05-05 17:00:00",147,167
"2024-05-05 17:10:00",145,
"2024-05-05 17:20:00",139,
"2024-05-05 17:30:00",129,
"2024-05-05 17:40:00",127,
"2024-05-05 17:50:00",123,
"2024-05-05 18:00:00",121,167
"2024-05-05 18:10:00",118,
"2024-05-05 18:20:00",117,
"2024-05-05 18:30:00",110,
"2024-05-05 18:40:00",99,
"2024-05-05 18:50:00",100,
"2024-05-05 19:00:00",90,167
"2024-05-05 19:10:00",90,
"2024-05-05 19:20:00",87,
"2024-05-05 19:30:00",87,
"2024-05-05 19:40:00",83,
"2024-05-05 19:50:00",80,
"2024-05-05 20:00:00",81,166
"2024-05-05 20:10:00",80,
"2024-05-05 20:20:00",80,
"2024-05-05 20:30:00",77,
"2024-05-05 20:40:00",75,
"2024-05-05 20:50:00",74,
"2024-05-05 21:00:00",72,166
"2024-05-05 21:10:00",73,
"2024-05-05 21:20:00",74,
"2024-05-05 21:30:00",73,
"2024-05-05 21:40:00",73,
"2024-05-05 21:50:00",74,
"2024-05-05 22:00:00",72,166
"2024-05-05 22:10:00",77,
"2024-05-05 22:20:00",76,
"2024-05-05 22:30:00",75,
"2024-05-05 22:40:00",76,
"2024-05-05 22:50:00",79,
"2024-05-05 23:00:00",76,166
"2024-05-05 23:10:00",75,
"2024-05-05 23:20:00",77,
"2024-05-05 23:30:00",80,
"2024-05-05 23:40:00",81,
"2024-05-05 23:50:00",85,
"2024-05-06 00:00:00",90,166
"2024-05-06 00:10:00",90,
"2024-05-06 00:20:00",90,
"2024-05-06 00:30:00",98,
"2024-05-06 00:40:00",101,
"2024-05-06 00:50:00",103,
"2024-05-06 01:00:00",105,166
"2024-05-06 01:10:00",104,
"2024-05-06 01:20:00",110,
"2024-05-06 01:30:00",112,
"2024-05-06 01:40:00",112,
"2024-05-06 01:50:00",115,
"2024-05-06 02:00:00",116,164
"2024-05-06 02:10:00",122,
"2024-05-06 02:20:00",124,
"2024-05-06 02:30:00",126,
"2024-05-06 02:40:00",131,
"2024-05-06 02:50:00",128,
"2024-05-06 03:00:00",137,163
"2024-05-06 03:10:00",139,
"2024-05-06 03:20:00",139,
"2024-05-06 03:30:00",148,
"2024-05-06 03:40:00",147,
"2024-05-06 03:50:00",147,
"2024-05-06 04:00:00",155,162
"2024-05-06 04:10:00",162,
"2024-05-06 04:20:00",165,
"2024-05-06 04:30:00",168,
"2024-05-06 04:40:00",175,
"2024-05-06 04:50:00",174,
"2024-05-06 05:00:00",174,161
"2024-05-06 05:10:00",179,
"2024-05-06 05:20:00",183,
"2024-05-06 05:30:00",184,
"2024-05-06 05:40:00",188,
"2024-05-06 05:50:00",192,
"2024-05-06 06:00:00",191,159
"2024-05-06 06:10:00",193,
"2024-05-06 06:20:00",194,
"2024-05-06 06:30:00",188,
"2024-05-06 06:40:00",192,
"2024-05-06 06:50:00",194,
"2024-05-06 07:00:00",206,158
"2024-05-06 07:10:00",206,
"2024-05-06 07:20:00",204,
"2024-05-06 07:30:00",204,
"2024-05-06 07:40:00",200,
"2024-05-06 07:50:00",199,
"2024-05-06 08:00:00",199,158
"2024-05-06 08:10:00",200,
"2024-05-06 08:20:00",205,
"2024-05-06 08:30:00",200,
"2024-05-06 08:40:00",199,
"2024-05-06 08:50:00",204,
"2024-05-06 09:00:00",211,158
"2024-05-06 09:10:00",217,
"2024-05-06 09:20:00",217,
"2024-05-06 09:30:00",219,
"2024-05-06 09:40:00",220,
"2024-05-06 09:50:00",220,
"2024-05-06 10:00:00",217,157
"2024-05-06 10:10:00",225,
"2024-05-06 10:20:00",224,
"2024-05-06 10:30:00",229,
"2024-05-06 10:40:00",236,
"2024-05-06 10:50:00",235,
"2024-05-06 11:00:00",238,156
"2024-05-06 11:10:00",237,
"2024-05-06 11:20:00",237,
"2024-05-06 11:30:00",239,
"2024-05-06 11:40:00",250,
"2024-05-06 11:50:00",254,
"2024-05-06 12:00:00",252,155
"2024-05-06 12:10:00",262,
"2024-05-06 12:20:00",251,
"2024-05-06 12:30:00",250,
"2024-05-06 12:40:00",247,
"2024-05-06 12:50:00",244,
"2024-05-06 13:00:00",245,154
"2024-05-06 13:10:00",240,
"2024-05-06 13:20:00",236,
"2024-05-06 13:30:00",229,
"2024-05-06 13:40:00",220,
"2024-05-06 13:50:00",216,
"2024-05-06 14:00:00",213,154
"2024-05-06 14:10:00",210,
"2024-05-06 14:20:00",206,
"2024-05-06 14:30:00",190,
"2024-05-06 14:40:00",187,
"2024-05-06 14:50:00",182,
"2024-05-06 15:00:00",182,153
"2024-05-06 15:10:00",170,
"2024-05-06 15:20:00",150,
"2024-05-06 15:30:00",139,
"2024-05-06 15:40:00",129,
"2024-05-06 15:50:00",120,
"2024-05-06 16:00:00",118,151
"2024-05-06 16:10:00",112,
"2024-05-06 16:20:00",108,
"2024-05-06 16:30:00",101,
"2024-05-06 16:40:00",95,
"2024-05-06 16:50:00",96,
"2024-05-06 17:00:00",91,149
"2024-05-06 17:10:00",89,
"2024-05-06 17:20:00",80,
"2024-05-06 17:30:00",81,
"2024-05-06 17:40:00",74,
"2024-05-06 17:50:00",71,
"2024-05-06 18:00:00",72,148
"2024-05-06 18:10:00",69,
"2024-05-06 18:20:00",69,
"2024-05-06 18:30:00",68,
"2024-05-06 18:40:00",65,
"2024-05-06 18:50:00",60,
"2024-05-06 19:00:00",62,147
"2024-05-06 19:10:00",61,
"2024-05-06 19:20:00",61,
"2024-05-06 19:30:00",59,
"2024-05-06 19:40:00",58,
"2024-05-06 19:50:00",58,
"2024-05-06 20:00:00",57,146
"2024-05-06 20:10:00",57,
"2024-05-06 20:20:00",56,
"2024-05-06 20:30:00",55,
"2024-05-06 20:40:00",55,
"2024-05-06 20:50:00",57,
"2024-05-06 21:00:00",57,146
"2024-05-06 21:10:00",55,
"2024-05-06 21:20:00",57,
"2024-05-06 21:30:00",58,
"2024-05-06 21:40:00",58,
"2024-05-06 21:50:00",57,
"2024-05-06 22:00:00",57,145
"2024-05-06 22:10:00",56,
"2024-05-06 22:20:00",55,
"2024-05-06 22:30:00",58,
"2024-05-06 22:40:00",60,
"2024-05-06 22:50:00",60,
"2024-05-06 23:00:00",59,145
"2024-05-06 23:10:00",58,
"2024-05-06 23:20:00",60,
"2024-05-06 23:30:00",57,
"2024-05-06 23:40:00",55,
"2024-05-06 23:50:00",57,
"2024-05-07 00:00:00",56,143
"2024-05-07 00:10:00",58,
"2024-05-07 00:20:00",61,
"2024-05-07 00:30:00",60,
"2024-05-07 00:40:00",60,
"2024-05-07 00:50:00",56,
"2024-05-07 01:00:00",46,141
"2024-05-07 01:10:00",34,
"2024-05-07 01:20:00",31,
"2024-05-07 01:30:00",28,
"2024-05-07 01:40:00",24,
"2024-05-07 01:50:00",23,
"2024-05-07 02:00:00",22,138
"2024-05-07 02:10:00",21,
"2024-05-07 02:20:00",20,
"2024-05-07 02:30:00",20,
"2024-05-07 02:40:00",19,
"2024-05-07 02:50:00",19,
"2024-05-07 03:00:00",18,134
"2024-05-07 03:10:00",18,
"2024-05-07 03:20:00",21,
"2024-05-07 03:30:00",17,
"2024-05-07 03:40:00",17,
"2024-05-07 03:50:00",17,
"2024-05-07 04:00:00",17,130
"2024-05-07 04:10:00",17,
"2024-05-07 04:20:00",18,
"2024-05-07 04:30:00",17,
"2024-05-07 04:40:00",17,
"2024-05-07 04:50:00",13,
"2024-05-07 05:00:00",14,124
"2024-05-07 05:10:00",14,
"2024-05-07 05:20:00",14,
"2024-05-07 05:30:00",15,
"2024-05-07 05:40:00",15,
"2024-05-07 05:50:00",14,
"2024-05-07 06:00:00",18,122
"2024-05-07 06:10:00",54,
"2024-05-07 06:20:00",81,
"2024-05-07 06:30:00",90,
"2024-05-07 06:40:00",102,
"2024-05-07 06:50:00",105,
"2024-05-07 07:00:00",104,120
"2024-05-07 07:10:00",109,
"2024-05-07 07:20:00",116,
"2024-05-07 07:30:00",121,
"2024-05-07 07:40:00",124,
"2024-05-07 07:50:00",130,
"2024-05-07 08:00:00",130,117
"2024-05-07 08:10:00",136,
"2024-05-07 08:20:00",137,
"2024-05-07 08:30:00",133,
"2024-05-07 08:40:00",136,
"2024-05-07 08:50:00",138,
"2024-05-07 09:00:00",143,115
"2024-05-07 09:10:00",144,
"2024-05-07 09:20:00",150,
"2024-05-07 09:30:00",153,
"2024-05-07 09:40:00",161,
"2024-05-07 09:50:00",163,
"2024-05-07 10:00:00",169,113
"2024-05-07 10:10:00",172,
"2024-05-07 10:20:00",178,
"2024-05-07 10:30:00",181,
"2024-05-07 10:40:00",183,
"2024-05-07 10:50:00",188,
"2024-05-07 11:00:00",195,112
"2024-05-07 11:10:00",206,
"2024-05-07 11:20:00",205,
"2024-05-07 11:30:00",205,
"2024-05-07 11:40:00",211,
"2024-05-07 11:50:00",214,
"2024-05-07 12:00:00",219,111
"2024-05-07 12:10:00",222,
"2024-05-07 12:20:00",223,
"2024-05-07 12:30:00",220,
"2024-05-07 12:40:00",227,
"2024-05-07 12:50:00",231,
"2024-05-07 13:00:00",246,111
"2024-05-07 13:10:00",243,
"2024-05-07 13:20:00",233,
"2024-05-07 13:30:00",225,
"2024-05-07 13:40:00",218,
"2024-05-07 13:50:00",212,
"2024-05-07 14:00:00",216,111
"2024-05-07 14:10:00",210,
"2024-05-07 14:20:00",204,
"2024-05-07 14:30:00",200,
"2024-05-07 14:40:00",191,
"2024-05-07 14:50:00",185,
"2024-05-07 15:00:00",175,110
"2024-05-07 15:10:00",172,
"2024-05-07 15:20:00",167,
"2024-05-07 15:30:00",163,
"2024-05-07 15:40:00",159,
"2024-05-07 15:50:00",151,
"2024-05-07 16:00:00",141,111
"2024-05-07 16:10:00",131,
"2024-05-07 16:20:00",124,
"2024-05-07 16:30:00",117,
"2024-05-07 16:40:00",116,
"2024-05-07 16:50:00",112,
"2024-05-07 17:00:00",108,112
"2024-05-07 17:10:00",97,
"2024-05-07 17:20:00",91,
"2024-05-07 17:30:00",90,
"2024-05-07 17:40:00",90,
"2024-05-07 17:50:00",89,
"2024-05-07 18:00:00",87,112
"2024-05-07 18:10:00",85,
"2024-05-07 18:20:00",82,
"2024-05-07 18:30:00",80,
"2024-05-07 18:40:00",73,
"2024-05-07 18:50:00",70,
"2024-05-07 19:00:00",70,112
"2024-05-07 19:10:00",69,
"2024-05-07 19:20:00",68,
"2024-05-07 19:30:00",63,
"2024-05-07 19:40:00",61,
"2024-05-07 19:50:00",62,
"2024-05-07 20:00:00",64,112
"2024-05-07 20:10:00",60,
"2024-05-07 20:20:00",59,
"2024-05-07 20:30:00",57,
"2024-05-07 20:40:00",57,
"2024-05-07 20:50:00",58,
"2024-05-07 21:00:00",55,112
"2024-05-07 21:10:00",57,
"2024-05-07 21:20:00",55,
"2024-05-07 21:30:00",54,
"2024-05-07 21:40:00",58,
"2024-05-07 21:50:00",59,
"2024-05-07 22:00:00",60,113
"2024-05-07 22:10:00",63,
"2024-05-07 22:20:00",62,
"2024-05-07 22:30:00",61,
"2024-05-07 22:40:00",64,
"2024-05-07 22:50:00",65,
"2024-05-07 23:00:00",65,113
"2024-05-07 23:10:00",68,
"2024-05-07 23:20:00",71,
"2024-05-07 23:30:00",73,
"2024-05-07 23:40:00",74,
"2024-05-07 23:50:00",74,
"2024-05-08 00:00:00",76,114
"2024-05-08 00:10:00",80,
"2024-05-08 00:20:00",82,
"2024-05-08 00:30:00",85,
"2024-05-08 00:40:00",85,
"2024-05-08 00:50:00",88,
"2024-05-08 01:00:00",88,116
"2024-05-08 01:10:00",93,
"2024-05-08 01:20:00",98,
"2024-05-08 01:30:00",99,
"2024-05-08 01:40:00",97,
"2024-05-08 01:50:00",97,
"2024-05-08 02:00:00",98,119
"2024-05-08 02:10:00",99,
"2024-05-08 02:20:00",104,
"2024-05-08 02:30:00",104,
"2024-05-08 02:40:00",109,
"2024-05-08 02:50:00",112,
"2024-05-08 03:00:00",111,122
"2024-05-08 03:10:00",113,
"2024-05-08 03:20:00",112,
"2024-05-08 03:30:00",110,
"2024-05-08 03:40:00",112,
"2024-05-08 03:50:00",116,
"2024-05-08 04:00:00",115,126
"2024-05-08 04:10:00",115,
"2024-05-08 04:20:00",119,
"2024-05-08 04:30:00",121,
"2024-05-08 04:40:00",122,
"2024-05-08 04:50:00",123,
"2024-05-08 05:00:00",120,130
"2024-05-08 05:10:00",119,
"2024-05-08 05:20:00",121,
"2024-05-08 05:30:00",123,
"2024-05-08 05:40:00",123,
"2024-05-08 05:50:00",125,
"2024-05-08 06:00:00",126,131
"2024-05-08 06:10:00",127,
"2024-05-08 06:20:00",127,
"2024-05-08 06:30:00",124,
"2024-05-08 06:40:00",122,
"2024-05-08 06:50:00",126,
"2024-05-08 07:00:00",127,131
"2024-05-08 07:10:00",124,
"2024-05-08 07:20:00",122,
"2024-05-08 07:30:00",124,
"2024-05-08 07:40:00",126,
"2024-05-08 07:50:00",127,
"2024-05-08 08:00:00",127,130
"2024-05-08 08:10:00",128,
"2024-05-08 08:20:00",128,
"2024-05-08 08:30:00",123,
"2024-05-08 08:40:00",125,
"2024-05-08 08:50:00",125,
"2024-05-08 09:00:00",123,129
"2024-05-08 09:10:00",128,
"2024-05-08 09:20:00",126,
"2024-05-08 09:30:00",125,
"2024-05-08 09:40:00",130,
"2024-05-08 09:50:00",129,
"2024-05-08 10:00:00",140,129
"2024-05-08 10:10:00",153,
"2024-05-08 10:20:00",154,
"2024-05-08 10:30:00",156,
"2024-05-08 10:40:00",154,
"2024-05-08 10:50:00",167,
"2024-05-08 11:00:00",169,128
"2024-05-08 11:10:00",178,
"2024-05-08 11:20:00",185,
"2024-05-08 11:30:00",190,
"2024-05-08 11:40:00",199,
"2024-05-08 11:50:00",210,
"2024-05-08 12:00:00",218,128
"2024-05-08 12:10:00",221,
"2024-05-08 12:20:00",221,
"2024-05-08 12:30:00",225,
"2024-05-08 12:40:00",227,
"2024-05-08 12:50:00",227,
"2024-05-08 13:00:00",239,128
"2024-05-08 13:10:00",240,
"2024-05-08 13:20:00",238,
"2024-05-08 13:30:00",226,
"2024-05-08 13:40:00",220,
"2024-05-08 13:50:00",213,
"2024-05-08 14:00:00",207,128
"2024-05-08 14:10:00",211,
"2024-05-08 14:20:00",202,
"2024-05-08 14:30:00",195,
"2024-05-08 14:40:00",188,
"2024-05-08 14:50:00",186,
"2024-05-08 15:00:00",178,128
"2024-05-08 15:10:00",178,
"2024-05-08 15:20:00",161,
"2024-05-08 15:30:00",149,
"2024-05-08 15:40:00",138,
"2024-05-08 15:50:00",132,
"2024-05-08 16:00:00",127,127
"2024-05-08 16:10:00",121,
"2024-05-08 16:20:00",115,
"2024-05-08 16:30:00",113,
"2024-05-08 16:40:00",110,
"2024-05-08 16:50:00",106,
"2024-05-08 17:00:00",99,127
"2024-05-08 17:10:00",97,
"2024-05-08 17:20:00",95,
"2024-05-08 17:30:00",92,
"2024-05-08 17:40:00",87,
"2024-05-08 17:50:00",85,
"2024-05-08 18:00:00",76,127
"2024-05-08 18:10:00",74,
"2024-05-08 18:20:00",73,
"2024-05-08 18:30:00",68,
"2024-05-08 18:40:00",70,
"2024-05-08 18:50:00",66,
"2024-05-08 19:00:00",66,127
"2024-05-08 19:10:00",64,
"2024-05-08 19:20:00",59,
"2024-05-08 19:30:00",60,
"2024-05-08 19:40:00",59,
"2024-05-08 19:50:00",56,
"2024-05-08 20:00:00",56,126
"2024-05-08 20:10:00",55,
"2024-05-08 20:20:00",54,
"2024-05-08 20:30:00",55,
"2024-05-08 20:40:00",55,
"2024-05-08 20:50:00",54,
"2024-05-08 21:00:00",54,126
"2024-05-08 21:10:00",54,
"2024-05-08 21:20:00",54,
"2024-05-08 21:30:00",56,
"2024-05-08 21:40:00",56,
"2024-05-08 21:50:00",58,
"2024-05-08 22:00:00",55,126
"2024-05-08 22:10:00",59,
"2024-05-08 22:20:00",62,
"2024-05-08 22:30:00",63,
"2024-05-08 22:40:00",65,
"2024-05-08 22:50:00",64,
"2024-05-08 23:00:00",66,126
"2024-05-08 23:10:00",65,
"2024-05-08 23:20:00",62,
"2024-05-08 23:30:00",64,
"2024-05-08 23:40:00",66,
"2024-05-08 23:50:00",66,
"2024-05-09 00:00:00",63,126
"2024-05-09 00:10:00",65,
"2024-05-09 00:20:00",70,
"2024-05-09 00:30:00",69,
"2024-05-09 00:40:00",74,
"2024-05-09 00:50:00",77,
"2024-05-09 01:00:00",79,126
"2024-05-09 01:10:00",81,
"2024-05-09 01:20:00",81,
"2024-05-09 01:30:00",88,
"2024-05-09 01:40:00",93,
"2024-05-09 01:50:00",96,
"2024-05-09 02:00:00",97,126
"2024-05-09 02:10:00",99,
"2024-05-09 02:20:00",104,
"2024-05-09 02:30:00",102,
"2024-05-09 02:40:00",100,
"2024-05-09 02:50:00",107,
"2024-05-09 03:00:00",111,126
"2024-05-09 03:10:00",111,
"2024-05-09 03:20:00",108,
"2024-05-09 03:30:00",107,
"2024-05-09 03:40:00",110,
"2024-05-09 03:50:00",108,
"2024-05-09 04:00:00",105,125
"2024-05-09 04:10:00",107,
"2024-05-09 04:20:00",114,
"2024-05-09 04:30:00",114,
"2024-05-09 04:40:00",116,
"2024-05-09 04:50:00",118,
"2024-05-09 05:00:00",117,126
"2024-05-09 05:10:00",120,
"2024-05-09 05:20:00",118,
"2024-05-09 05:30:00",125,
"2024-05-09 05:40:00",124,
"2024-05-09 05:50:00",130,
"2024-05-09 06:00:00",130,126
"2024-05-09 06:10:00",129,
"2024-05-09 06:20:00",132,
"2024-05-09 06:30:00",133,
"2024-05-09 06:40:00",139,
"2024-05-09 06:50:00",137,
"2024-05-09 07:00:00",137,126
"2024-05-09 07:10:00",135,
"2024-05-09 07:20:00",138,
"2024-05-09 07:30:00",133,
"2024-05-09 07:40:00",134,
"2024-05-09 07:50:00",130,
"2024-05-09 08:00:00",133,127
"2024-05-09 08:10:00",134,
"2024-05-09 08:20:00",131,
"2024-05-09 08:30:00",135,
"2024-05-09 08:40:00",136,
"2024-05-09 08:50:00",136,
"2024-05-09 09:00:00",140,127
"2024-05-09 09:10:00",141,
"2024-05-09 09:20:00",136,
"2024-05-09 09:30:00",142,
"2024-05-09 09:40:00",143,
"2024-05-09 09:50:00",145,
"2024-05-09 10:00:00",153,127
"2024-05-09 10:10:00",155,
"2024-05-09 10:20:00",156,
"2024-05-09 10:30:00",158,
"2024-05-09 10:40:00",161,
"2024-05-09 10:50:00",166,
"2024-05-09 11:00:00",170,127
"2024-05-09 11:10:00",181,
"2024-05-09 11:20:00",190,
"2024-05-09 11:30:00",197,
"2024-05-09 11:40:00",197,
"2024-05-09 11:50:00",201,
"2024-05-09 12:00:00",203,127
"2024-05-09 12:10:00",207,
"2024-05-09 12:20:00",207,
"2024-05-09 12:30:00",212,
"2024-05-09 12:40:00",221,
"2024-05-09 12:50:00",225,
"2024-05-09 13:00:00",226,127
"2024-05-09 13:10:00",226,
"2024-05-09 13:20:00",237,
"2024-05-09 13:30:00",242,
"2024-05-09 13:40:00",236,
"2024-05-09 13:50:00",221,
"2024-05-09 14:00:00",215,127
"2024-05-09 14:10:00",200,
"2024-05-09 14:20:00",196,
"2024-05-09 14:30:00",185,
"2024-05-09 14:40:00",177,
"2024-05-09 14:50:00",167,
"2024-05-09 15:00:00",165,126
"2024-05-09 15:10:00",158,
"2024-05-09 15:20:00",148,
"2024-05-09 15:30:00",144,
"2024-05-09 15:40:00",143,
"2024-05-09 15:50:00",135,
"2024-05-09 16:00:00",130,127
"2024-05-09 16:10:00",133,
"2024-05-09 16:20:00",121,
"2024-05-09 16:30:00",121,
"2024-05-09 16:40:00",117,
"2024-05-09 16:50:00",115,
"2024-05-09 17:00:00",110,127
"2024-05-09 17:10:00",101,
"2024-05-09 17:20:00",97,
"2024-05-09 17:30:00",91,
"2024-05-09 17:40:00",88,
"2024-05-09 17:50:00",86,
"2024-05-09 18:00:00",85,128
"2024-05-09 18:10:00",83,
"2024-05-09 18:20:00",81,
"2024-05-09 18:30:00",80,
"2024-05-09 18:40:00",76,
"2024-05-09 18:50:00",76,
"2024-05-09 19:00:00",75,128
"2024-05-09 19:10:00",73,
"2024-05-09 19:20:00",73,
"2024-05-09 19:30:00",72,
"2024-05-09 19:40:00",70,
"2024-05-09 19:50:00",69,
"2024-05-09 20:00:00",67,129
"2024-05-09 20:10:00",66,
"2024-05-09 20:20:00",64,
"2024-05-09 20:30:00",64,
"2024-05-09 20:40:00",64,
"2024-05-09 20:50:00",64,
"2024-05-09 21:00:00",64,129
"2024-05-09 21:10:00",62,
"2024-05-09 21:20:00",64,
"2024-05-09 21:30:00",64,
"2024-05-09 21:40:00",64,
"2024-05-09 21:50:00",63,
"2024-05-09 22:00:00",69,129
"2024-05-09 22:10:00",72,
"2024-05-09 22:20:00",73,
"2024-05-09 22:30:00",71,
"2024-05-09 22:40:00",75,
"2024-05-09 22:50:00",79,
"2024-05-09 23:00:00",83,130
"2024-05-09 23:10:00",83,
"2024-05-09 23:20:00",85,
"2024-05-09 23:30:00",83,
"2024-05-09 23:40:00",81,
"2024-05-09 23:50:00",80,
"2024-05-10 00:00:00",86,131
"2024-05-10 00:10:00",84,
"2024-05-10 00:20:00",85,
"2024-05-10 00:30:00",89,
"2024-05-10 00:40:00",89,
"2024-05-10 00:50:00",96,
"2024-05-10 01:00:00",96,131
"2024-05-10 01:10:00",95,
"2024-05-10 01:20:00",96,
"2024-05-10 01:30:00",101,
"2024-05-10 01:40:00",105,
"2024-05-10 01:50:00",100,
"2024-05-10 02:00:00",102,132
"2024-05-10 02:10:00",101,
"2024-05-10 02:20:00",100,
"2024-05-10 02:30:00",105,
"2024-05-10 02:40:00",113,
"2024-05-10 02:50:00",119,
"2024-05-10 03:00:00",118,132
"2024-05-10 03:10:00",116,
"2024-05-10 03:20:00",117,
"2024-05-10 03:30:00",118,
"2024-05-10 03:40:00",115,
"2024-05-10 03:50:00",118,
"2024-05-10 04:00:00",115,132
"2024-05-10 04:10:00",115,
"2024-05-10 04:20:00",115,
"2024-05-10 04:30:00",111,
"2024-05-10 04:40:00",110,
"2024-05-10 04:50:00",113,
"2024-05-10 05:00:00",116,132
"2024-05-10 05:10:00",112,
"2024-05-10 05:20:00",110,
"2024-05-10 05:30:00",114,
"2024-05-10 05:40:00",114,
"2024-05-10 05:50:00",117,
"2024-05-10 06:00:00",113,132
"2024-05-10 06:10:00",114,
"2024-05-10 06:20:00",119,
"2024-05-10 06:30:00",121,
"2024-05-10 06:40:00",121,
"2024-05-10 06:50:00",125,
"2024-05-10 07:00:00",127,132
"2024-05-10 07:10:00",127,
"2024-05-10 07:20:00",129,
"2024-05-10 07:30:00",130,
"2024-05-10 07:40:00",129,
"2024-05-10 07:50:00",127,
"2024-05-10 08:00:00",131,132
"2024-05-10 08:10:00",125,
"2024-05-10 08:20:00",128,
"2024-05-10 08:30:00",135,
"2024-05-10 08:40:00",134,
"2024-05-10 08:50:00",140,
"2024-05-10 09:00:00",144,133
"2024-05-10 09:10:00",143,
"2024-05-10 09:20:00",146,
"2024-05-10 09:30:00",155,
"2024-05-10 09:40:00",165,
"2024-05-10 09:50:00",165,
"2024-05-10 10:00:00",160,133
"2024-05-10 10:10:00",162,
"2024-05-10 10:20:00",164,
"2024-05-10 10:30:00",167,
"2024-05-10 10:40:00",168,
"2024-05-10 10:50:00",173,
"2024-05-10 11:00:00",176,134
"2024-05-10 11:10:00",180,
"2024-05-10 11:20:00",184,
"2024-05-10 11:30:00",186,
"2024-05-10 11:40:00",197,
"2024-05-10 11:50:00",205,
"2024-05-10 12:00:00",203,134
"2024-05-10 12:10:00",208,
"2024-05-10 12:20:00",208,
"2024-05-10 12:30:00",215,
"2024-05-10 12:40:00",219,
"2024-05-10 12:50:00",222,
"2024-05-10 13:00:00",227,133
"2024-05-10 13:10:00",232,
"2024-05-10 13:20:00",228,
"2024-05-10 13:30:00",229,
"2024-05-10 13:40:00",228,
"2024-05-10 13:50:00",228,
"2024-05-10 14:00:00",218,133
"2024-05-10 14:10:00",218,
"2024-05-10 14:20:00",211,
"2024-05-10 14:30:00",208,
"2024-05-10 14:40:00",203,
"2024-05-10 14:50:00",200,
"2024-05-10 15:00:00",201,135
"2024-05-10 15:10:00",200,
"2024-05-10 15:20:00",194,
"2024-05-10 15:30:00",188,
"2024-05-10 15:40:00",180,
"2024-05-10 15:50:00",178,
"2024-05-10 16:00:00",158,136
"2024-05-10 16:10:00",155,
"2024-05-10 16:20:00",148,
"2024-05-10 16:30:00",141,
"2024-05-10 16:40:00",141,
"2024-05-10 16:50:00",140,
"2024-05-10 17:00:00",138,137
"2024-05-10 17:10:00",133,
"2024-05-10 17:20:00",130,
"2024-05-10 17:30:00",124,
"2024-05-10 17:40:00",118,
"2024-05-10 17:50:00",113,
"2024-05-10 18:00:00",106,138
"2024-05-10 18:10:00",99,
"2024-05-10 18:20:00",99,
"2024-05-10 18:30:00",97,
"2024-05-10 18:40:00",92,
"2024-05-10 18:50:00",89,
"2024-05-10 19:00:00",86,138
"2024-05-10 19:10:00",79,
"2024-05-10 19:20:00",80,
"2024-05-10 19:30:00",82,
"2024-05-10 19:40:00",78,
"2024-05-10 19:50:00",80,
"2024-05-10 20:00:00",79,139
"2024-05-10 20:10:00",80,
"2024-05-10 20:20:00",78,
"2024-05-10 20:30:00",79,
"2024-05-10 20:40:00",78,
"2024-05-10 20:50:00",78,
"2024-05-10 21:00:00",76,139
"2024-05-10 21:10:00",75,
"2024-05-10 21:20:00",78,
"2024-05-10 21:30:00",79,
"2024-05-10 21:40:00",80,
"2024-05-10 21:50:00",78,
"2024-05-10 22:00:00",76,139
"2024-05-10 22:10:00",71,
"2024-05-10 22:20:00",71,
"2024-05-10 22:30:00",73,
"2024-05-10 22:40:00",74,
"2024-05-10 22:50:00",75,
"2024-05-10 23:00:00",78,139
"2024-05-10 23:10:00",81,
"2024-05-10 23:20:00",84,
"2024-05-10 23:30:00",84,
"2024-05-10 23:40:00",85,
"2024-05-10 23:50:00",87,
"2024-05-11 00:00:00",91,139
"2024-05-11 00:10:00",94,
"2024-05-11 00:20:00",97,
"2024-05-11 00:30:00",101,
"2024-05-11 00:40:00",104,
"2024-05-11 00:50:00",110,
"2024-05-11 01:00:00",120,141
"2024-05-11 01:10:00",120,
"2024-05-11 01:20:00",129,
"2024-05-11 01:30:00",129,
"2024-05-11 01:40:00",139,
"2024-05-11 01:50:00",135,
"2024-05-11 02:00:00",136,143
"2024-05-11 02:10:00",143,
"2024-05-11 02:20:00",153,
"2024-05-11 02:30:00",157,
"2024-05-11 02:40:00",163,
"2024-05-11 02:50:00",172,
"2024-05-11 03:00:00",185,145
"2024-05-11 03:10:00",186,
"2024-05-11 03:20:00",188,
"2024-05-11 03:30:00",184,
"2024-05-11 03:40:00",178,
"2024-05-11 03:50:00",172,
"2024-05-11 04:00:00",181,148
"2024-05-11 04:10:00",182,
"2024-05-11 04:20:00",185,
"2024-05-11 04:30:00",184,
"2024-05-11 04:40:00",184,
"2024-05-11 04:50:00",183,
"2024-05-11 05:00:00",181,151
"2024-05-11 05:10:00",186,
"2024-05-11 05:20:00",193,
"2024-05-11 05:30:00",194,
"2024-05-11 05:40:00",192,
"2024-05-11 05:50:00",190,
"2024-05-11 06:00:00",193,154
"2024-05-11 06:10:00",196,
"2024-05-11 06:20:00",198,
"2024-05-11 06:30:00",201,
"2024-05-11 06:40:00",202,
"2024-05-11 06:50:00",207,
"2024-05-11 07:00:00",210,158
"2024-05-11 07:10:00",214,
"2024-05-11 07:20:00",210,
"2024-05-11 07:30:00",213,
"2024-05-11 07:40:00",208,
"2024-05-11 07:50:00",214,
"2024-05-11 08:00:00",212,161
"2024-05-11 08:10:00",206,
"2024-05-11 08:20:00",205,
"2024-05-11 08:30:00",206,
"2024-05-11 08:40:00",210,
"2024-05-11 08:50:00",209,
"2024-05-11 09:00:00",201,162
"2024-05-11 09:10:00",197,
"2024-05-11 09:20:00",201,
"2024-05-11 09:30:00",204,
"2024-05-11 09:40:00",211,
"2024-05-11 09:50:00",209,
"2024-05-11 10:00:00",210,164
"2024-05-11 10:10:00",207,
"2024-05-11 10:20:00",212,
"2024-05-11 10:30:00",214,
"2024-05-11 10:40:00",223,
"2024-05-11 10:50:00",224,
"2024-05-11 11:00:00",221,165
"2024-05-11 11:10:00",224,
"2024-05-11 11:20:00",218,
"2024-05-11 11:30:00",216,
"2024-05-11 11:40:00",219,
"2024-05-11 11:50:00",225,
"2024-05-11 12:00:00",226,166
"2024-05-11 12:10:00",228,
"2024-05-11 12:20:00",233,
"2024-05-11 12:30:00",230,
"2024-05-11 12:40:00",235,
"2024-05-11 12:50:00",246,
"2024-05-11 13:00:00",262,168
"2024-05-11 13:10:00",263,
"2024-05-11 13:20:00",266,
"2024-05-11 13:30:00",259,
"2024-05-11 13:40:00",263,
"2024-05-11 13:50:00",255,
"2024-05-11 14:00:00",245,169
"2024-05-11 14:10:00",242,
"2024-05-11 14:20:00",236,
"2024-05-11 14:30:00",230,
"2024-05-11 14:40:00",234,
"2024-05-11 14:50:00",230,
"2024-05-11 15:00:00",215,169
"2024-05-11 15:10:00",208,
"2024-05-11 15:20:00",198,
"2024-05-11 15:30:00",195,
"2024-05-11 15:40:00",186,
"2024-05-11 15:50:00",177,
"2024-05-11 16:00:00",172,170
"2024-05-11 16:10:00",173,
"2024-05-11 16:20:00",164,
"2024-05-11 16:30:00",159,
"2024-05-11 16:40:00",154,
"2024-05-11 16:50:00",154,
"2024-05-11 17:00:00",148,170
"2024-05-11 17:10:00",146,
"2024-05-11 17:20:00",138,
"2024-05-11 17:30:00",139,
"2024-05-11 17:40:00",129,
"2024-05-11 17:50:00",131,
"2024-05-11 18:00:00",124,171
"2024-05-11 18:10:00",121,
"2024-05-11 18:20:00",113,
"2024-05-11 18:30:00",110,
"2024-05-11 18:40:00",108,
"2024-05-11 18:50:00",105,
"2024-05-11 19:00:00",104,172
"2024-05-11 19:10:00",99,
"2024-05-11 19:20:00",95,
"2024-05-11 19:30:00",91,
"2024-05-11 19:40:00",89,
"2024-05-11 19:50:00",85,
"2024-05-11 20:00:00",82,172
"2024-05-11 20:10:00",85,
"2024-05-11 20:20:00",81,
"2024-05-11 20:30:00",79,
"2024-05-11 20:40:00",78,
"2024-05-11 20:50:00",74,
"2024-05-11 21:00:00",71,172
"2024-05-11 21:10:00",69,
"2024-05-11 21:20:00",66,
"2024-05-11 21:30:00",65,
"2024-05-11 21:40:00",64,
"2024-05-11 21:50:00",63,
"2024-05-11 22:00:00",67,171
"2024-05-11 22:10:00",66,
"2024-05-11 22:20:00",66,
"2024-05-11 22:30:00",67,
"2024-05-11 22:40:00",65,
"2024-05-11 22:50:00",65,
"2024-05-11 23:00:00",69,171
"2024-05-11 23:10:00",73,
"2024-05-11 23:20:00",72,
"2024-05-11 23:30:00",71,
"2024-05-11 23:40:00",77,
"2024-05-11 23:50:00",82,
"2024-05-12 00:00:00",86,171
"2024-05-12 00:10:00",86,
"2024-05-12 00:20:00",85,
"2024-05-12 00:30:00",94,
"2024-05-12 00:40:00",95,
"2024-05-12 00:50:00",97,
"2024-05-12 01:00:00",106,171
"2024-05-12 01:10:00",107,
"2024-05-12 01:20:00",114,
"2024-05-12 01:30:00",118,
"2024-05-12 01:40:00",122,
"2024-05-12 01:50:00",129,
"2024-05-12 02:00:00",127,170
"2024-05-12 02:10:00",133,
"2024-05-12 02:20:00",137,
"2024-05-12 02:30:00",141,
"2024-05-12 02:40:00",141,
"2024-05-12 02:50:00",145,
"2024-05-12 03:00:00",153,169
"2024-05-12 03:10:00",157,
"2024-05-12 03:20:00",152,
"2024-05-12 03:30:00",151,
"2024-05-12 03:40:00",159,
"2024-05-12 03:50:00",160,
"2024-05-12 04:00:00",162,168
"2024-05-12 04:10:00",162,
"2024-05-12 04:20:00",164,
"2024-05-12 04:30:00",170,
"2024-05-12 04:40:00",174,
"2024-05-12 04:50:00",176,
"2024-05-12 05:00:00",176,168
"2024-05-12 05:10:00",179,
"2024-05-12 05:20:00",177,
"2024-05-12 05:30:00",184,
"2024-05-12 05:40:00",182,
"2024-05-12 05:50:00",175,
"2024-05-12 06:00:00",183,167
"2024-05-12 06:10:00",187,
"2024-05-12 06:20:00",182,
"2024-05-12 06:30:00",183,
"2024-05-12 06:40:00",181,
"2024-05-12 06:50:00",178,
"2024-05-12 07:00:00",175,166
"2024-05-12 07:10:00",176,
"2024-05-12 07:20:00",181,
"2024-05-12 07:30:00",186,
"2024-05-12 07:40:00",193,
"2024-05-12 07:50:00",197,
"2024-05-12 08:00:00",203,166
"2024-05-12 08:10:00",197,
"2024-05-12 08:20:00",200,
"2024-05-12 08:30:00",201,
"2024-05-12 08:40:00",200,
"2024-05-12 08:50:00",198,
"2024-05-12 09:00:00",197,165
"2024-05-12 09:10:00",197,
"2024-05-12 09:20:00",193,
"2024-05-12 09:30:00",200,
"2024-05-12 09:40:00",204,
"2024-05-12 09:50:00",205,
"2024-05-12 10:00:00",205,167
"2024-05-12 10:10:00",214,
"2024-05-12 10:20:00",219,
"2024-05-12 10:30:00",223,
"2024-05-12 10:40:00",243,
"2024-05-12 10:50:00",256,
"2024-05-12 11:00:00",266,169
"2024-05-12 11:10:00",276,
"2024-05-12 11:20:00",284,
"2024-05-12 11:30:00",279,
"2024-05-12 11:40:00",283,
"2024-05-12 11:50:00",284,
"2024-05-12 12:00:00",285,170
"2024-05-12 12:10:00",268,
"2024-05-12 12:20:00",264,
"2024-05-12 12:30:00",270,